question,answer
مواعيد العمل,"أهلًا بك، مواعيد العمل من الأحد إلى الخميس من الساعة ٧:٣٠ صباحًا حتى ٢:٣٠ مساءً .تسعدنا خدمتكم"
الشائعات,"أهلاً بك، في حال وجود أي إعلانات رسمية من المديرية العامة للجوازات، سيتم الإعلان عنها عبر القنوات الرسمية. نسعد بتواصلك"
شكر عام,نسعد ونتشرف لتقديم خدماتنا لجميع المواطنين والمقيمين في المملكة
اعتذار,"أهلًا بك. نسعد بتواصلك، نعتذر منك ونؤكد لك بأن هدفنا تقديم افضل خدمة لكم، وسيتم رفع ملاحظتكم للقسم المختص فورا لتتم معالجتها في اسرع وقت."
الإقامة المميزة,"مركز الإقامة المميزة، هو الجهة الوحيدة المختصة بتنظيم وإدارة كل ما يتعلق بنظام الإقامة المميزة. نسعد بتواصلك"
خدمة الرسائل والطلبات عبر أبشر,"أهلا بك، يرجى توثيق الملاحظة، وإرسالها من خلال خدمة الرسائل والطلبات المتاحة في منصة أبشر لنتمكن من خدمتك حفاظًا على سلامتكم . سعدنا بتواصلك https://twitter.com/AljawazatKSA/status/1251918496075780097?s=20"
خدمة الرسائل والطلبات عبر أبشر,"أهلاً بك، حفاظاً على سلامتك يمكنك الاستفادة من خدمة الرسائل والطلبات من خلال حسابك في منصة أبشر لنتمكن من معالجة طلبك https://twitter.com/AljawazatKSA/status/1251918496075780097?s=20 . سعدنا بتواصلك"
خدمة الرسائل والطلبات عبر أبشر,"أهلا بك، يرجى التواصل من خلال خدمة "" الرسائل والطلبات "" عبر منصة أبشر للخدمات الإلكترونية لنتمكن من إفادتك https://twitter.com/AljawazatKSA/status/1251918496075780097?s=20 . سعدنا بتواصلك"
خدمة الرسائل والطلبات عبر أبشر,"مرحبا، عزيزي يمكنك رفع ملاحظتك عبر منصة أبشر الخاصة بك ليتم معالجتها ، إليك الرابط المرفق للإفادة. نتطلع لخدمتك https://twitter.com/AljawazatKSA/status/1251918496075780097?s=20"
خدمة تواصل عبر منصة مقيم,"مرحبا، يمكنك تنفيذ ذلك عبر خدمة (تواصل) بعد الدخول إلى حساب الشركة على بوابة مقيم الإلكترونية، يرجى الإطلاع على الرابط المرفق للإفادة https://twitter.com/aljawazatksa/status/1359441986990706688?s=24. شكراً لك"
حجز موعد,"أهلًا بك ، يمكنك حجز موعد ومراجعة إدارة الجوازات لنتمكن من خدمتك إليك الرابط المرفق للإفادة https://twitter.com/aljawazatksa/status/1270060599960129538?s=12 ، نسعد بخدمتكم"
جاري العمل,"مرحبًا بك، عزيزي يرجى الانتظار وجاري العمل على طلبك وسوف يتم التواصل معك في أقرب وقت ممكن. شكرًا لك"
جاري العمل,"مرحبًا بك، جاري العمل على طلبك وسيتم التواصل معك عبر البريد الخاص بك في منصة أبشر. شاكرين تواصلك"
منصة مقيم,"أهلاً بك، بوابة مقيم تخدم الشركات والمؤسسات التي لديها عمالة أكثر من ١٠٠ شخص. شكرًا لتواصلك"
التواصل عبر الإيميل,"أهلاً بك، فضلًا تواصل معنا وزودنا بالتفاصيل على البريد الإلكتروني: ‪992@gdp.gov.sa‬  ‏شكرًا لتواصلك"
التواصل عبر الخاص,"أهلاً بك، نسعد باستقبال استفسارك على البريد الإلكتروني: ‏ ‪992@gdp.gov.sa‬  ‏شكرًا لتواصلك"
طلب طباعة هوية مقيم,"أهلا بك، يمكنك طلب الخدمة من خلال خدمة توصيل الوثائق بالبريد المتاحة عبر منصة أبشر. سعدنا بتواصلك"
المرور,"أهلاً بك، ليس من إختصاص إدارة الجوازات، يرجى التواصل مع الزملاء في إدارة المرور للإفادة. نشكر تعاونكم"
وزارة الخارجية,"أهلاً بك، ليس من إختصاص إدارة الجوازات، يرجى التواصل مع الزملاء في وزارة الخارجية للإفادة. نشكر تعاونكم"
مكتب الاستقدام,"أهلاً بك، ليس من إختصاص إدارة الجوازات، يرجى التواصل مع مكتب الإستقدام للإفادة. نشكر تعاونكم"
وزارة الموارد البشرية,"أهلاً بك، يرجى التواصل مع الزملاء في وزارة الموارد البشرية والتنمية الإجتماعية للإفادة. شكراً لتواصلك"
التسوية,"أهلًا بك، يرجى التواصل مع وزارة الموارد البشرية والتنمية الاجتماعية هيئة تسوية الخلافات العمالية. سعدنا بتواصلك"
الخطوط الناقلة,"أهلاً بك، ليس من إختصاص إدارة الجوازات، يرجى مراجعة الخطوط الناقلة للإفادة. نشكر تعاونكم"
وزارة الحج والعمرة,"أهلاً بك، يرجى التواصل مع الزملاء في  وزارة الحج والعمرة للإفادة. سعدنا بتواصلك"
أمن الطرق,"أهلًا بك، ليس من اختصاص إدارة الجوازات ، يرجى التواصل مع الزملاء في الأمن العام / أمن الطرق . سعدنا بتواصلك"
أمن الطرق,"أهلاً بك، يرجى الإستعلام من الجهة المعنية بمراكز تفتيش مداخل مكة الأمن العام / أمن الطرق للإفادة . سعدنا بخدمتكم"
سفارة المستفيد,"أهلً بك، يرجى التواصل مع سفارة بلد المستفيد للإفادة . سعدنا بك"
وزارة المالية,"أهلًا بك، لإفادتك يمكنك التواصل عن طريق الرقم الموحد لوزارة المالية: 19990 أو البريد الإلكتروني: ccc@mof.gov.sa أو عبر تويتر: @MoFCare. شاكرين تواصلك"
وزارة الصحة,"مرحبا، يرجى التواصل مع الزملاء في  وزارة الصحة على الرقم 937 لإفادتك. سعدنا بتواصلك"
الأسئلة التي ليست من إختصاص إدارة الجوازات,"أهلاً بك، ليس من إختصاص إدارة الجوازات . نسعد بك"
الدعم الفني لأبشر,"في حال واجهتك اي مشكلة تقنية بمنصة #أبشر، الرجاء التواصل مع الزملاء بالإتصال على الدعم الفني 920020405 @Absher"
أبشر,"أهلًا بك،  الرجاء التواصل مع الزملاء بالإتصال على الدعم الفني 920020405 @Absher . نشكر تعاونك"
أبشر أعمال,"أهلًا بك، ،بإمكانك توجيه سؤالك للزملاء في أبشر أعمال @AbsherBusiness  .سعدنا بتواصلك"
الدعم الفني لمقيم,في حال واجهتك مشكلة تقنية في خدمة مقيم الرجاء التواصل مع الزملاء بالإتصال على الدعم الفني 920000356 .نشكر تواصلكم
مركز الاتصال الموحد,"اهلاً بك ، يمكنك الاتصال على مركز الاتصال الموحد 992 وقت الدوام الرسمي من الأحد إلى الخميس من الساعة 8 صباحًا حتى 2 مساءً لافادتك. سعدنا بك"
مجلس الضمان الصحي,"""أهلاً بك، في حال وجود ملاحظات أو استفسارات في مايتعلق بالتأمين الصحي فلا تتردد بالتواصل مع مجلس الضمان الصحي التعاوني عبر مركز الاتصال الموحد  920001177"
البريد السعودي,"أهلًا بك ، يرجى التواصل مع الزملاء في البريد السعودي ‏@saudipost  للافادة . سعدنا بتواصلك "
هيئة المهندسين,يمكنك التواصل مع الهيئة السعودية للمهندسين عبر الرقم الموحد 920020820 . سعدنا بتواصلك
شكراً,"عفواً، نسعد بتواصلكم ، ونتشرف بخدمتكم"
تمت الإفادة,"أهلاً بك، لقد تمت الإفادة. شكراً لتواصلك"
البنك المركزي السعودي,"اهلاً بك ، يتم السداد عن طريق شيك مصدق باسم البنك المركزي السعودي ، شكرا لتواصلك"
حساب الجوازات,"اهلًا بك، هذا الحساب مختص بخدمات الجوازات الإلكترونية والرد على الاستفسارات الواردة عنها. نسعد بتواصلكم"
تأمين طبي,"أهلًا بك، سعياً لتعزيز مفهوم المسؤولية الاجتماعية تجاه صحة المواطنين والمقيمين، أتاحت معظم شركات التأمين استخدام خدماتها الإلكترونية من خلال التطبيقات الذكية  لإنجاز المعاملات التأمينية إلكترونياً. شاكرين تواصلك"
البنك المركزي السعودي,"اهلاً بك ، يتم السداد عن طريق شيك مصدق باسم البنك المركزي السعودي ، شكرا لتواصلك"
الحساب,"اهلًا بك، هذا الحساب مختص بخدمات الجوازات الإلكترونية والرد على الاستفسارات الواردة عنها. نسعد بتواصلكم"
موقع الدرعية الجديد,"أهلا بك، يرجى الإطلاع على إحداثيات الموقع عبر الرابط التالي. سعدنا بتواصلك https://g.co/kgs/N4WB1z"
إدارة الوافدين بالدمام,"أهلاً بك، إدارة الوافدين في الدمام في مقر إدارة السجون بمحافظة الخبر. سعدنا بتواصلك"
إدارة الوافدين بمكة + جدة,"أهلا بك، إدارة الوافدين بمنطقة مكة المكرمة بمركز الخدمات العامة بالشميسي. سعدنا بتواصلك"
إدارة الوافدين بالرياض,"أهلا بك، إدارة الوافدين بمدينة الرياض https://bit.ly/2klllIz. سعدنا بتواصلك"
ادارة جوازات منطقة الجوف \ سكاكا,"أهلًا بك، إدارة الجوازات بمدينة الجوف https://bit.ly/326gZqf. شاكرين تواصلك"
إدارة الوافدين بالرياض,"أهلا بك، إدارة شؤون الوافدين بجوازات الرياض https://bit.ly/3dvAr5H. سعدنا بتواصلك"
رابط الفروع,"أهلاً بك، يرجى الإطلاع على الرابط للإفادة. سعدنا بتواصلك https://bit.ly/2LLFyTX"
مواقع البصمة,"أهلاً بك، يرجى الإطلاع على الرابط للإفادة. سعدنا بتواصلك https://bit.ly/2YtEV3l"
رابط الرسوم,"أهلاً بك، إليك الرابط للإفادة. سعدنا بتواصلك https://bit.ly/2MkRmvT"
رابط النماذج,"أهلاً بك، إليك الرابط للإفادة. سعدنا بتواصلك https://bit.ly/2OsX2Xe"
رابط الأرقام الهاتف,"أهلاً بك، يرجى الإطلاع على الرابط للإفادة. سعدنا بتواصلك https://bit.ly/39KZmP7"
رابط المستشفيات المعتمدة,"أهلاً بك، إليك الرابط للإفادة. سعدنا بتواصلك http://bit.ly/2pcQxuv"
الموقع الجديد,"أهلاً بك، عزيزي تم نقل مبنى المديرية العامة للجوازات من حي الفرزدق إلى طريق الدمام، يرجى الإطلاع على الرابط المرفق https://bit.ly/32yAcjt لمعرفة موقع المبنى الجديد. شكراً لك . سعدنا بتواصلك"
طريق الملك فهد,"أهلًا بك، مبنى جوازات منطقة الرياض في طريق الملك فهد مازال قائم، الذي تم نقله مبنى المديرية العامة للجوازات من حي الفرزدق إلى طريق الدمام . سعدنا بتواصلك"
المنافذ المسموح السفر من خلالها,"أهلا بك، التعليمات تسمح بالمغادرة عبر كافة المنافذ وذلك بعد تقديم المستندات المطلوبة. دمتم بخير"
عيد الفطر,"أهلاً بك، توجد قوة خاصة لاستقبال الحالات الطارئة للعمل في إدارات الجوازات بالمناطق والمحافظات وخلال أيام إجازة عيد الفطر المبارك في شهر شوال من الساعة 8 صباحاً وحتى الساعة 2:30 ظهرا . سعدنا بتواصلك"
عيد الفطر,"أهلاً بك، إدارة الجوازات ومكاتبها تقدم خدماتها للحالات الطارئة والغير قابله للتأخير و تسليم الجوازات السعودية المجددة عبر منصة #أبشر. سعدنا بتواصلك"
عيد الفطر,"أهلاً بك، توجد قوة خاصة لاستقبال الحالات الطارئة في إدارة الجوازات بالمنطقة لإنهاء الإجراءات التي لا تحتمل التأجيل ولا يمكن إنهائها عبر منصة أبشر وبوابة مقيم . سعدنا بتواصلك"
إجازة العيد في رمضان,"أهلاً بك، العمل في إدارات الجوازات بالمناطق والمحافظات خلال إجازة العيد في شهر رمضان المبارك من الساعة 10 صباحاً وحتى الساعة 3 عصراً ، وخلال إجازة عيد الفطر المبارك في شهر شوال من الساعة 8 صباحاً وحتى الساعة 2:30 ظهرا . سعدنا بتواصلك"
"توظيف ""رجال""","أهلاً بك ، عند قبولك سيتم إرسال رسالة نصية على رقم هاتفك المسجل لدينا في النظام، سعدنا بتواصلك."
"توظيف ""رجال""","أهلاً بك ، تم اليوم إرسال رسالة نصية لجميع المقبولين تفيد بقبولهم للإلتحاق بمعهد الجوازات وموعد الحضور لبدء الدورة، لون الزي الرياضي الكامل (أخضر)، راجع بوابة التوظيف الموحد في منصة أبشر الإلكترونية للإطلاع على التعليمات والإحتياجات التي يحضرها الطالب معه، سعدنا بتواصلك."
ما هي آلية إصدار جواز السفر؟,"أهلاً بك، يتم الإجراء عبر منصة أبشر إليك الرابط للإفادة. نسعد بتواصلك http://bit.ly/2dmOwVT"
ما هي آلية تجديد جواز السفر؟,"أهلاً بك،يتم الإجراء عبر منصة أبشر إليك الرابط للإفادة. سعدنا بتواصلك http://bit.ly/2dtHHz2"
إصدار جواز سفر بالمراجعة,"أهلاً بك، إليك الرابط للإفادة. نسعد بتواصلك http://bit.ly/2pQrJrF"
إصدار تصريح سفر عبر منصة أبشر التابعة لولي الأمر,"أهلاً بك، يتم إصدار تصريح سفر عبر منصة أبشر التابعة لولي الأمر إليك الرابط للإفادة. سعدنا بتواصلك http://bit.ly/2dphNhS"
إصدار تصريح سفر بالمراجعة,"أهلاً بك، إليك الرابط للإفادة. نسعد بتواصلك bit.ly/2ork3MP"
إصدار جواز سفر لمن هم دون الـ ١٥ عام,"أهلا بك،لمن هم دون الـ ١٥ عاماً يتم حجز موعد عبر منصة أبشر بهوية ولي الأمر ومراجعة إدارة الجوازات لنتمكن من خدمتك إليك الرابط للإفادة .نشكر تواصلكم http://bit.ly/2pQrJrF"
إستلام الجواز في حالة الإصدار للمرة الأولى,"أهلاً بك، في حالة الإصدار يتم الإستلام خلال ٣ أيام عمل من إتمام الإجراء عبر البريد السعودي خدمة واصل . سعدنا بتواصلك"
إستلام الجواز في حالة التجديد,"أهلاً بك، يتم الإستلام خلال ٣ أيام عمل من إتمام الإجراء بمراجعة الإدارة العامة للجوازات بمنطقتك. سعدنا بتواصلك"
إستثناء للمراجعة بدون موعد فيما يخص إصدار أو تجديد الجواز,"أهلاً بك، من لديه حالة سفر طارئة وتعذر عليه الحصول على موعد يمكنه مراجعة ضابط الصالة أو مدير الإدارة للنظر في استقباله بدون موعد. سعدنا بتواصلك"
عدم وجود الأبناء على أبشر لتجديد أو إصدار الجواز,"أهلاً بك ، منصة أبشر تخدم حاملي الهوية الوطنية ولمن هم دون الـ ١٥ عاماً يتم حجز موعد عبر منصة أبشر التابعة لولي الأمر ومراجعة إدارة الجوازات لنتمكن من خدمتك، إليك الرابط للإفادة.سعدنا بتواصلكhttp://bit.ly/2pQrJrF"
تغيير الصورة عند إصدار أو تجديد الجواز,"أهلاً بك، عند إصدار أو تجديد جواز سفرك يتم اعتماد الصورة الموثقة في النظام الآلي، وفي حال الرغبة في تغيير الصورة يرجى مراجعة إدارة الأحوال المدنية لتغيير الصورة في سجلك المدني لنتمكن من خدمتك. سعدنا بتواصلك"
والدي متوفي كيف إصدار / تجديد جواز سفر,لا يوجد رد
والدي متوفي كيف إصدار تصريح سفر,لا يوجد رد
إصدار جواز أو تصريح للمطلقة,لا يوجد رد
مدة صلاحية سريان الجواز للمغادرة,"أهلاً بك، يلزم أن لا تقل صلاحية الجواز عن ثلاثة أشهر للسفر ضمن الدول العربية، وستة أشهر لبقية الدول. شكرًا لتواصلك"
هل أقدر أصدر أو التجديد بدون هوية وطنية؟,"أهلاً بك، يشترط وجود الهوية الوطنية لإصدار أو تجديد جواز السفر لمن بلغ 15 عاماً. سعدنا بتواصلك"
"مضاف مع والدتي، كيف أصدر جواز مستقل؟","أهلاً بك، يتم حجز موعد ومراجعة إدارة الجوازات لإتمام إجراء الفصل وإصدار جواز سفر مستقل . سعدنا بتواصلك"
كيف اسوي إصدار أو تجديد لمن هم دون الخامسة عشر؟,"أهلا بك، لمن هم دون الـ ١٥ عاماً يتم حجز موعد عبر منصة أبشر بهوية ولي الأمر ومراجعة إدارة الجوازات لنتمكن من خدمتك إليك الرابط للإفادة .نشكر تواصلكم http://bit.ly/2pQrJrF"
كيف أصدر جواز سفر بدل فاقد أو تالف؟,"أهلاً بك، إليك الرابط للإفادة. سعدنا بتواصلك http://bit.ly/2cTCBhj"
ما هي الدول الممنوع السفر لها؟,"أهلاً بك، يرجى التواصل معنا على البريد الإلكتروني: 992@gdp.gov.sa"
الإيميل,"أهلاً بك، يرجى التواصل معنا على البريد الإلكتروني: 992@gdp.gov.sa"
أنا بنت هل يحق لي السفر فقط بمجرد حملي لجواز السفر؟,"أهلاً بك، لا مانع من المغادرة وفي حال عدم مرافقة ولي الأمر يلزم إصدار تصريح سفر، إليك الرابط للإفادة. سعدنا بتواصلك http://bit.ly/2dphNhS"
في سجلي مخالفات مرورية هل أقدر أصدر جواز سفر؟,"أهلا بك، يشترط خلو سجل المستفيد من المخالفات المرورية لتتمكن من إصدار أو تجديد جواز السفر . شكراَ لتواصلك"
"في سجلي مخالفات مرورية هل أستطيع إصدار جواز لإبنتي أو زوجتي ""للتابعين"" ؟","أهلاً بك، وجود مخالفات على سجل رب الأسرة لا يعيق من إصدار أو تجديد جواز سفر لأحد التابعين أو المرافقين . نسعد بتواصلك"
عندي إيقاف خدمات هل أستطيع إصدار جواز لإبنتي أو زوجتي ؟,"أهلاً بك، وجود إيقاف خدمات على سجل رب الأسرة لا يعيق من إصدار أو تجديد جواز سفر لأحد التابعين أو المرافقين . نسعد بتواصلك"
كم مدة إصدار الجواز؟,"أهلاً بك، يتم الاستلام خلال ٣ أيام عمل من إتمام الإجراء. نسعد بخدمتكم"
كيف أتأكد إن كنت ممنوع من السفر؟,"أهلاً بك، يمكنك معرفة ذلك عبر منصة أبشر . سعدنا بتواصلك"
موقع إستلام الجواز المجدد في بالرياض,"أهلاً بك، يتم الإستلام خلال ٣ أيام عمل من إتمام الإجراء بمراجعة الإدارة العامة للجوازات بطريق الملك فهد. سعدنا بتواصلك"
موقع إستلام الجواز المجدد في جدة,"أهلاً بك، يتم الإستلام خلال ٣ أيام عمل من إتمام الإجراء بمراجعة الإدارة العامة للجوازات بحي الرحاب. سعدنا بتواصلك"
هل يُسمح السفر ضمن دول الخليج بالهوية الوطنية؟,"أهلاً بك، يمكن لحاملي الهوية الوطنية السفر ضمن دول الخليج بالهوية الوطنية على أن لا تقل صلاحية سريان الهوية عن ٣ أشهر. سعدنا بتواصلك"
هل يُسمح للمرأة السفر ضمن دول الخليج بالهوية الوطنية؟,"أهلاً بك، يمكن لحاملي الهوية الوطنية السفر ضمن دول الخليج بالهوية الوطنية على أن لا تقل صلاحية سريان الهوية عن ٣ أشهر ، وفي حال عدم مرافقة ولي الأمر يلزم إصدار تصريح سفر. سعدنا بتواصلك"
هل يحق لي السفر في حال عدم وجود هوية وطنية أو إنتهاء صلاحيتها؟,"أهلاً بك، لا مانع من المغادرة بجواز السفر على أن لا تقل صلاحية سريانه عن ٣ أشهر لتتمكن من السفر ضمن الدول العربية و ٦ أشهر لبقية الدول . سعدنا بتواصلك"
عند التجديد أعطاني رسالة ان هناك مشكلة الرجاء زيارة الجوازات ولكن زوجتي جدد بدون مشاكل؟ مالحل؟,"أهلاً بك، يرجى توثيق الملاحظة ومراجعة إدارة الجوازات لنتمكن من خدمتك. سعدنا بتواصلك"
عند ظهور رسالة صاحب الحساب غير مخول ...,"أهلاً بك، يتم الإجراء عبر منصة أبشر التابعة لولي الأمر إليك الرابط للإفادة ***** . سعدنا بتواصلك ( يضاف الرابط حسب السؤال إصدار أو تجديد جواز سفر / تصريح )"
- جواز زوجتي وابنتي ينتهي بعد ٣ اشهر وارغب بالتجديد لهم كيف ذلك,"اهلًا بك، الأن اصبح بامكانك تجديد جواز سفرك عبر منصة أبشر دون النظر للمدة المتبقية في صلاحية الجواز. نسعد بخدمتك + ( التصميم )"
انا سويت عمليه تجديد جواز للوالد ونجحت العملية لازم حضور الوالد يستلم الجواز ولا انا اكفي؟,"أهلاً بك، يتم الإستلام بمراجعة ولي الأمر لإدارة الجوازات خلال ٣ أيام عمل من إتمام الإجراء وفي حال وجود تفويض إلكتروني لا مانع . سعدنا بتواصلك + ( التصميم )"
تغير رقم الجواز,"أهلاً بك، عند التجديد جواز السفر يختلف رقم الجواز عند كل تجديد . سعدنا بتواصلك"
كيف أجدد الجواز وأستلم بالبريد,"أهلاً بك، إليك المرفق للإفادة. سعدنا بتواصلك ( يضاف التصميم )"
انا استخرجت الجواز الكترونيًا من الرياض وانا ليس من الرياض كيف يتم استلامه؟,لا بد من مراجعة إدارة الجوازات التي قمت باختيارها ليتم الطباعة عن طريقها أو طلب توصيل الجواز عن طريق نظام واصل ( البريد السعودي ) إذا كان لديك عنوان لديهم
هل استطيع ان اضيف ابني معي بالجواز ؟ وهل يلزم حضور الاب ..لان الاب مرتبط بمدينة اخرى؟,"أهلاً بك، التعليمات لا تسمح لك بالإضافة يلزم حجز موعد ومراجعة إدارة الجوازات لنتمكن من خدمتك إليك الرابط للإفادة. نسعد بتواصلك http://bit.ly/2pQrJrF"
إتمام إجراءات الجوازات بالنيابة عن شخص أخر,"أهلاً بك، في حال وجود تفويض إلكتروني لا مانع إليك المرفق للإفادة. سعدنا بتواصلك ( التصميم )"
لدى شكوى,"أهلاً بك، للشكاوى والملاحظات فضلاً تواصل معنا وزودنا بالتفاصيل على البريد الإلكتروني 992@gdp.gov.sa"
المهلة المحددة لإستلام الجواز بعد التجديد أو الإصدار,"أهلاً بك، إليك المرفق للإفادة. سعدنا بتواصلك. ( تصميم )"
الحقوق المالية في حال هرب العمالة المنزلية,"أهلاً بك، في حال وجود حقوق مالية او قضية جنائية التقدم لجهات الإختصاص بما يثبت ذلك لكي يتم إتخاذ اللازم . نسعد بتواصلك"
نقل كفالة إبن مواطنة,"أهلاً بك، التعليمات تشترط وجود خطاب تنازل من رب الأسرة ومراجعة إدارة الجوازات لنتمكن من خدمتك. نشكر تواصلكم"
إجراءات منح جواز سفر لسعودية من زوج أجنبي,"أهلاً بك، إليك الرابط للإفادة. سعدنا بتواصلك http://bit.ly/2p4E6w1"
المقابل المالي لزوج المواطنة و زوجة المواطن,"وعليكم السلام، زوج المواطنة و زوجة المواطن معفيين من المقابل المالي مالم يكن على هوياتهم تابعين أو مرافقين . نسعد بتواصلك"
إصدار تأشيرة خروج نهائي للعمالة المنزلية بعد وفاة صاحب العمل,"أهلاً بك، في حال رغبة المستفيد بالحصول على تأشيرة خروج نهائي يتم الإجراء بمراجعة المستفيد مع أحد الورثة للشؤون القانونية لمنحه تأشيرة خروج نهائي بناءً على طلب المستفيد واحد الورثة. سعدنا بتواصلك"
السن القانوني لسفر الذكور بدون تصريح سفر,"أهلاً بك، أخي الكريم السن القانوني الذي يسمح لكم بالسفر بدون حمل تصريح سفر هو (21) سنة هجري . سعدنا بتواصلك"
إيقاف الخدمات,"أهلاً بك، وجود إيقاف خدمات على سجل المواطن لا يعيق من سفره طالما لا يوجد منع سفر . سعدنا بتواصلك"
إيقاف الخدمات,"أهلاً بك، في حال وجود إيقاف خدمات التعليمات لا تسمح لك بذلك. سعدنا بتواصلك"
إجازة العسكري,"أهلاً بك، في حال أن الإجازة تبدأ يوم الأحد لا مانع من المغادرة بنهاية دوام يوم الخميس. سعدنا بتواصلك"
تسليم هوية مقيم والجواز لإدارة الوافلدين بعد إجراء بلاغ تغيب,"أهلاً بك، يتم تسليم هوية مقيم و جواز السفر لدى إدارة الوافدين بعد ٣ أشهر من إتمام البلاغ . سعدنا بتواصلك"
سفر العامل المنزلي لأحد الدول,"اهلًا بك، فيما يخص الجوازات يلزم إصدار تأشيرة خروج وعودة لتتمكن من المغادرة، ولكن عليك التأكد من اشتراطات الدولة المراد السفر لها والخطوط الناقلة. نسعد بتواصلك"
هل يمكن إصدار خروج وعودة متعددة لعامل منزلي,"أهلاً بك، في حال تأشيرة الخروج والعودة متعددة للعامل المنزلي يشترط مرافقة صاحب العمل عند المغادرة. سعدنا بتواصلك"
هوية مقيم لمواطني دول الخليج,"مرحبا، لا يوجد هوية مقيم لمقيمي مجلس التعاون الخليجي، يتم مراجعة إدارة الجوازات الحاسب الآلي لاصدار رقم خليجي موحد. شكراً لك"
تجديد هوية مقيم لحاملي تأشيرة من التأهيل الشامل,"أهلًا بك، على صاحب العمل أو وكيله مراجعة إدارة الجوازات وإحضار خطاب من الشؤون الاجتماعية لتجديد ""هوية مقيم"" بدون رسوم. شكراً لتواصلك"
نقل خدمات / إصدار أو تجديد لعامل منزلي توفي كفيله,"أهلاً بك، يتم الإجراء بمراجعة وكيل الورثة للشؤون القانونية لنتمكن من خدمتك. سعدنا بتواصلك"
الأسئلة المتعلفة بالجواز الخاص,"أهلاً بك، يرجى مراجعة وزارة الخارجية للإفادة. سعدنا بتواصلك"
تغيير الحالة الاجتماعية على أبشر,"أهلاً بك، يرجى مراجعة الأحوال المدنية للإفادة. سعدنا بتواصلك"
هل من الممكن ان يسافر الطفل ببطاقة العايله بدون جواز لدول الخليج ؟,"أهلا بك، سجل الأسرة لا يعد وثيقة سفر يجب إصدار جواز سفر مستقل ولمن هم دون الـ ١٥ عاماً يتم حجز موعد عبر منصة أبشر بهوية ولي الأمر ومراجعة إدارة الجوازات لنتمكن من خدمتك إليك الرابط للإفادة .نشكر تواصلكم http://bit.ly/2pQrJrF"
تصريح السفر للعراق,"أهلاً بك، يرجى التواصل معنا على البريد الإلكتروني: 992@gdp.gov.sa"
الإقامة الدائمة / إقامة أم مواطن,"أهلاً بك، يرجى الإطلاع على الرابط للإفادة. نسعد بتواصلك http://bit.ly/2vfEUql"
الإستفسار عن معاملة ,"أهلاً بك، يمكنك الاتصال 992 وقت الدوام الرسمي لافادتك او الاستفسار عبر خدمة الاستفسار بتطبيق الجوازات. سعدنا بك"
رسوم إصدار الجواز ,"أهلاً بك، الرسوم 300 ريال لخمس سنوات، 600 ريال لعشر سنوات، علمًا بأن العشر سنوات تكون لمن أتم ٢١ عامًا. شكرًا لتواصلك"
مدة إصدار الجواز,"أهلاً بك، يمكن إصدار أو تجديد جواز السفر لمدة 5 سنوات فقط في حال كان صاحب الجواز في عمر أقل من 21 عام  ، أما إذا كان عمر صاحب الجواز 21 سنة أو أكبر، يمكن اختيار مدة صلاحية الجواز لتكون 5 أو 10 سنوات . سعدنا بتواصلك"
عقوبات ,"أهلاً بك، كل حاله على حسب أسباب الفقدان بها ومدى وجود مخالفات سابقه لنظام الجواز السعودي . سعدنا بتواصلك"
ما هي آلية إصدار هوية مقيم؟,"أهلاً بك، إليك الرابط للإفادة. نسعد بتواصلك http://bit.ly/2dzVSmh"
ما هي آلية تجديد هوية مقيم؟," أهلاً بك، تفضل آلية تجديد هوية مقيم: http://bit.ly/2f8fIt3 . سعدنا بتواصلك"
هل يمكن تغيير المستضيف لحاملي هوية زائر؟," http://goo.gl/xr6Z7Q"""
جددت هوية زائر عبر حساب المستضيف من أبشر ولم تصلني على البريد السعودي واصل ما السبب؟,فضلًا إفادتنا بالتفاصيل على: 992@gdp.gov.sa
"أحمل هوية زائر، كيف يتم تحويلها لهوية مقيم؟",التعليمات لا تسمح بتحويل هوية زائر إلى هوية مقيم
"يمني قادم من منفذ الوديعة بتأشيرة زيارة، هل يمكنني الدخول؟",يُمكن دخول حاملي تأشيرة الزيارة عبر منفذ الوديعة شريطة أن تكون جهة القدوم صنعاء أو عدن
كيف أصدر هوية مقيم بدل فاقد؟,"أهلاًً بك، إليك الرابط للإفادة. نسعد بتواصلك http://bit.ly/2dcLBhk"
كيف أصدر هوية مقيم بدل تالف؟,"أهلاً بك، إليك الرابط للإفادة. سعدنا بتواصلك http://bit.ly/2g3y4cT"
ما هي إجراءات نقل الكفالة؟,يُمكنك الاطلاع على التفاصيل من خلال الرابط المرفق: http://bit.ly/2d9gvdX
ما هي آلية نقل البيانات لجواز السفر؟,تفضل إجراء ذلك عزيزنا: http://bit.ly/2dBxilY
"حاولت إصدار هوية مقيم لمكفولي ظهر لي ""رقم الجواز لنفس الجنسية موجود مُسبقًا""",عليك في هذه الحالة مراجعة أقرب مكتب جوازات لإتمام الإجراء. شكرًا لتواصلك
ما هي أقصى مدة لتأشيرة الخروج والعودة؟,أقصى مدة ١٨٠ يومًا. شاكرين تواصلك
"سددت الفترة الماضية رسوم هوية زائر، هل تُعتبر إموري سليمة؟","سداد الرسوم فقط لا يعتبر تمديد للهوية، بل يلزم استكمال الإجراء من حساب المستضيف في أبشر"
"أحمل هوية زائر، هل يمكنني تمديدها بالمراجعة؟","عزيزنا لا يُمكن ذلك، يلزم إتمام الإجراء بعد السداد من حساب المستضيف في أبشر. شكرًا لتواصلك"
هل يوجد تمديد للمرحلة الرابعة لحملة هوية زائر؟,في حال وجود أي مُستجدات أو قرارات سيتم الإعلان عنها من قِبلنا بشكل رسمي. شكرًا لتواصلك
"أحمل هوية زائر وأنا مستضيف لأخوتي، كيف يتم التمديد لهم؟",يتم التمديد من حساب مستضيف المستضيف
هل يوجد استثناء لتمديد الزيازة العائلية لليمنيين والسوريين؟,نعم يمكن التمديد للأخوة اليمنيين والسوريين لأكثر من ١٨٠ يومًا بشكل استثنائي
هل يمكن تجديد اقامة وافد حال وجود أسرته خارج المملكة بتاشيرة خروج وعودة سارية,نعم مالم يكن لدى أحدهم ملاحظة تستوجب وجودهم داخل المملكة
انا مقيم يمني ولدي قضية مع الكفيل في مكتب العمل قام بتجديد الاقامه ,التعليمات لا تجيز له ذلك .. وعليكم تقديم شكوى بذلك لدى مكتب العمل لوجود قضية منظورة لديهم بينكم ؛؛
2- هل يمكنني إصدار إقامة لزوجتي الغير سعودية من مكاتب الجوازات في المراكز التجارية؟,نعم بإمكانك طلب إصدار أو تجديد إقامة الزوجة من مكاتب الجوازات في المراكز التجارية.
3- هل هناك حد أعلى لمنح إقامة لزوجات المواطنين الغير سعوديات؟,التعليمات حددت مدة قصوى لمنح إقامة لزوجات المواطنين غير السعوديات وهي أربع سنوات متتالية.
إقامتي منتهية ويوجد لدي أوراق تنازل لنقل كفالتي.. هل أستطيع نقل كفالتي ثم تجديدها على الكفيل الجديد؟,إجراءات نقل الكفالة لا تتم إلا بعد تجديد الإقامة وعلى (سجل) صالح وليس إقامة منتهية.
فقدت إقامة أحد أفراد العائلة فهل يترتب على ذلك غرامة مالية؟,يتعين عليكم تسجيل بلاغ الفقدان خلال (24) ساعة لتجنب غرامة الفقدان.
كيف أتمكن من تغيير مسمي مهنتي؟,بالإمكان تغيير مسمى المهنة بعد موافقة مكتب العمل حسب المؤهل العلمي.
هل بالإمكان تحويل تأشيرة الزيارة إلي إقامة؟,التعليمات لا تجيز تحويل تأشيرة الزيارة إلى إقامة.
أحد أفراد العائلة تأخر عن العودة لظروف دراسية ما هو الإجراء لتمديد تأشيرة العودة؟,إجراءات تمديد تأشيرة الخروج والعودة خارج المملكة من اختصاص وزارة الخارجية.
تزوجت داخل المملكة .. هل تكفي الإجراءات لإضافة الزوجة على إقامتي؟,التعليمات تلزم بعد الزواج نقل كفالة الزوجة على كفالة الزوج.
هل وجود سيارة باسمي تعيق حصولي على تأشيرة خروج نهائي؟,يجب بيع الـ ( مركبة ) السيارة المسجلة بسجلك لتتمكن من الحصول على تأشيرة خروج نهائي.
هل يترتب على إضافة الزوجة بعد قدومها من خارج المملكة أي مبالغ مالية؟,حصول الزوجة على تأشيرة الدخول للإقامة مع زوجها بعد استيفاء رسوم الاستقدام لا يترتب عليه أي رسوم مالية.
هربت من كفيلي وعدت إليه بعد فترة.. ماهي الطريقة النظامية لإلغاء بلاغ الهروب علماً بأنكفيلي ليس لديه مانع؟,"إلغاء الهروب يتم بعد تقديم الكفيل بطلب إلغاء ويتم إلغاؤه وفق الضوابط للعاملة المنزلية، وبالنسبة لغيرها الإلغاء من اختصاص مكتب العمل ."
هل هناك غرامات في حال تأخر إضافة مولود من مواليد داخل المملكة أو خارجها؟,"بالنسبة لمواليد داخل المملكة يترتب عليه غرامة قدرها (1000) ريال في حال التأخر عن الإضافة أكثر من سنة، أما مواليد خارج المملكة فيترتب عليه غرامة ماليه قدراها (500) ريال في حال التأخر عن الإضافة أكثر من ثلاثة أشهر من تاريخ الدخول."
أرغب في استقدام أحد الأقارب .. فما هي الأوراق المطلوبة لذلك؟,إجراءات الاستقدام من اختصاص مكتب الاستقدام وليس الجوازات.
أرغب في السفر بتأشيرة خروج نهائي ولكن جواز السفر منتهي.. فما الحل؟,يلزم تجديد جواز السفر قبل الشروع بطلب تأشيرة الخروج النهائي.
يوجد مخالفة مرورية مسجلة علي.. هل بإمكاني الحصول على تأشيرة خروج وعودة؟,لا بد أن يكون سجلك خالي من المخالفات المرورية للحصول على تأشيرة خروج وعودة.
غادرت زوجتي بتأشيرة خروج وعودة وأنجبت مولودا في بلدي .. فما هي إجراءات دخول المولود؟,يلزم مراجعة سفارة المملكة لإصدار تاشيرة دخول للمولود مع وجود جواز سفر مستقل للمولود
عمري (25) سنة وما زلت طالبا.. هل بالإمكان تجديد إقامتي والبقاء على كفالة والدي؟,"نعم، بالإمكان تجديد الإقامة والبقاء على كفالة والدك إذا كنت من المنتظمين بالدراسة داخل المملكة بعد إحضار ما يثبت ذلك."
حصلت لي ظروف خاصة تسببت في تأخري عن العودة بالوقت المحدد.. ما هي طريقة تمديد التأشيرة؟,"يتعين علي رب العمل طلب تمديد التأشيرة عن طريق موقع وزارة الخارجية -حسب الاختصاص-   ولمدة شهر فقط، على أن تكون الإقامة سارية المفعول."
- زوجتي دخلت المملكة بتأشيرة زيارة ولم أجد رقم الحدود لتسديد الرسوم وإنهاء إجراء التمديد .. فما العمل؟,"  قسم تمديد الزيارة للحصول على الرقم المطلوب لإنهاء إجراء التمديد."""
هل الجوازات تمنع دخولي إلى المملكة لعدم حمل خطاب عدم الممانعة؟,خطاب عدم الممانعة من الإجراءات الخاصة بمكتب العمل وليس الجوازات.. ولا يتسبب عدم وجود خطاب عدم الممانعة في إعاقة إجراءات دخولك للمملكة.
"سيقوم والدي، ووالدتي وأخ زوجتي بتأدية مناسك العمرة قادمين من بلدي.. فهل يمكنهم قضاء بعض الوقت في الرياض مقر إقامتي"," والتوقيع على نموذج الالتزام بمغادرة المعتمرين قبل انتهاء سريان مفعول التأشيرة."""
زوجتي معها (2) من الأبناء مرافقين وغادرت بتأشيرة خروج وعودة لمدة سنة بسبب الدراسة.. هل يمكنها أن تعود للمملكة بدون الأطفال؟,التعليمات لا تمنع دخول الزوجة دون الأطفال.. ولكن هذه الإجراء يفقد الأطفال أحقية الإقامة داخل المملكة.
هل أستطيع العودة للمملكة بتأشيرة جديدة قبل انتهاء سريان تأشيرة الخروج والعودة؟,التعليمات لا تجيز لك دخول المملكة بتأشيرة جديدة وتأشيرة الخروج والعودة الحالية سارية المفعول.
هل يترتب على فقدان الإقامة أي مبالغ مالية ؟,هناك رسوم غرامة فقدان الإقامة وقدرها (1000) ريال في حالة عدم الإبلاغ خلال 24 ساعة من الفقدان.
أطفالي مضافون في جواز سفر الأم.. فهل بالإمكان سفر الأم دون المرافقين؟,تلزم التعليمات سفر المرافقين أو فصلهم في جوازات أو جواز مستقل لتتمكن الزوجة من السفر بمفردها دون عقبات.
في حالة تلف الإقامة.. هل يتوجب علي طلب إقامة جديدة أم أنتظر حتى تنتهي صلاحية سريانمفعولها؟,"  فالتعليمات تجيز إضافة المدة المتبقية من الإقامة السابقة على مدة الإقامة الجديدة."""
لدي ظروف اضطرارية تستدعي سفري.. هل بالإمكان الحصول على تأشيرة سفر خارج فترة الدوام الرسمي؟,الحصول على تأشيرة السفر متاح عن طريق خدمة أبشر .
فقدت تأشيرة الخروج والعودة وأنا خارج المملكة.. كيف أحصل على تأشيرة بدل فاقد؟,"في حال فقدان تأشيرة الخروج والعودة خارج المملكة يتعين عليكم زيارة الصفحة التالية وطباعة نسخة من التأشيرة، ليتسنى لكم العودة للمملكة دون عقبات."
هل هناك رسوم على إضافة مواليد داخل المملكة أو خارجها .. وما هي؟,يترتب على إضافة مواليد خارج المملكة مبلغ وقدره 2000 ريال أما مواليد داخل المملكة فهي مجانية.
عملت تخريج 6 اشهر لزوجتي امس واضطررت بتأجيل السفر ما هي مدة صلاحية تأشيرة الخروج والعودة لمنع الغرامة؟,"مرحباً بك، شهرين من تاريخ إصدارها."
احد الموظفين معه هويه مقيم وراح للبنك يفتح حساب الموظف يقول الاقامة الجديدة ,"هوية مقيم هي نفس الاقامة، تجدد آليًا سنويًا والإقامة السابقة أصبحت إلكترونية ولدى البنوك نظام يقين للتأكد من تاريخ نهايتها"
هل نقدر نعدل في الاقامه عبارة غير مصرح بالعمل ل مصرح بالعمل ؟ وكيف تتم اجراءات ذلك؟,غير مصرح له بالعمل وضعت وفق ضوابط ولفئة معينة .. لا يجوز إلغائها إلا بنقل الخدمة
حاولت اجدد اقامة الوالده بما اني كفيلها عن طريق ابشر. يرفض النظام ويقول لازم تامين لتابع اللي معاها,يرجى التواصل معنا من خلال البريد الإلكتروني : 992@gdp.gov.sa مع توضيح هل الأم حفظها الله لكم .. أم مواطن أو مقيم .
هل تعيق مديونات سمه تجديد الإقامة؟,مديونيات سمة .. لا تعيق إجراءات تجديد هوية المقيم .
- خرجت من المملكة بتأشيرة خروج وعوده ولم ارجع في الموعد ومازالت اقامتي سارية هل يمكنني العودة بـتأشيرة جديدة بعد انتهاء صلاحية الإقامة ؟,يرجى التواصل معنا عبر البريد الإلكتروني ..
"ما هي آلية تمديد تأشيرة الخروج والعودة "" قبل السفر """,تأشيرة الخروج والعودة لا تمدد قبل السفر والاجراء المتبع إلغاء التأشيرة الحالية من ثم طلب تأشيرة جديد بمدة مناسبة
ابني يمني عمره ٢٦ تحت كفالة ابوه لم يجددو اقامته لان عليه ينقل كفالته كيف ينقلها وهو طالب جامعي ارجو الرد ضروري,عليكم التقدم لإدارة الجوازات .. بما يثبت بأن الابن ما زال طالبا .
هل هناك مهلة لتجديد الاقامه بعد انتهاء تاريخها؟,لا يوجد مهلة لتجديد الاقامة .. والتعليمات تشير بطلب التجديد قبل انتهاء سريان مفعول الاقامة بثلاثة ايام
"هندي حصل على جنسية أمريكية، ما الإجراء المطلوب لتغيير الجنسية على الإقامة؟",/ عليكم التواصل معنا عبر البريد الإلكتروني للتوضيج لتعدد النقاط
ما هي اجرائات تعديل اسم خاطئ بهوية مقيم؟,مراجعة صاحب العمل أو من ينوب عنه بأصل الجواز والهوية .. ليتم التعديل بالاسم الصحيح .. حسبما هو مدون في جواز السفر
هل أستطيع تجديد الاقامة وانا خارج السعودية؟,اذا رب الاسرة داخل المملكة يمكن تجدد هوية مقيم والتابعين خارج المملكة
هل يمكن استقدام عائلة مقيم عن طريق أبشر أم يلزمه مراجعة مكتب الاستقدام؟,عليكم طلب الخدمة من خلال نظام أبشر للاستقدام العائلي.
في حال حجز الجواز لدى الكفيل ماذا علي أن أعمل؟,ذلك من اختصاص وزارة العمل فضلًا تواصل معهم.
عند تجديد الاقامة هل يلزم احضار الاولى لموظف الجوازات؟,"نعم، يتطلب ذلك"
المدة المسموح ليا فيها البقاء داخل المملكة بعد اصدار تاشيرة الخروج النهائى؟,مدة تاشيرة الخروج النهائي المقررة ( شهرين ) من تاريخ المنح .. دون النظر لسريان مفعول الإقامة ..
كيف أبلغ عن مخالفي أنظمة الإقامة والعمل؟,جوازات ليس جهة ضبط وبإمكانك رفع بلاغك عبر تطبيق @kamnapp او بالاتصال على 999
هل يوجد طريقة الابلاغ عن اقامة مفقودة في ابشر,السلام عليكم لا يوجد
"انا مقيم، هل يمكن ان اعرف تواريخ خروجي ودخولي من والى المملكة في العشر سنوات الماضيه",من ابشر يمكن له ذلك
رابط إضافة المواليد ,"أهلاً بك، إليك الرابط للإفادة. سعدنا بتواصلك bit.ly/2GBR9R8"
 فصل تابع عند بلوغ ١٨ عام,"أهلاً بك، إليك الرابط للإفادة. نسعد بك https://bit.ly/2Kac66P"
طلب إضافة الزوجة والتابعين بعد الإستقدام,"أهلاً بك، إليك الرابط للإفادة. نسعد بك https://bit.ly/32XLleo"
نقل خدمات الزوجة,"أهلاً بك، إليك الرابط للإفادة. سعدنا بك http://bit.ly/2Zk0zr4"
إصدار هوية مقيم لزوجة المواطن المرة الأولى,"أهلاً بك، إليك الرابط للإفادة. سعدنا بتواصلك http://bit.ly/2ZIvM7o"
بدل فاقد هوية مقيم ,"أهلاً بك، إليك الرابط للإفادة. سعدنا بتواصلك https://bit.ly/2Y7nDO6"
بدل تالف هوية مقيم,"أهلاً بك، إليك الرابط للإفادة. سعدنا بك https://bit.ly/2ZiwOYB "
بدل فاقد جواز سفر مقيم,"أهلا بك، يتطلب منك حجز موعد ومراجعة إدراة الجوازات بمنطقتك للحصول على مشهد تبليغ وشريحة من الحاسب الآلي .سعدنا بك"
إقامة دائمة ( أم مواطن  ) ,"أهلاً بك، إليك الرابط للإفادة. سعدنا بتواصلك https://bit.ly/2OqBfj8"
إستلام العاملة المنزلية ,"أهلاً بك، يرجى الإطلاع على الرابط المرفق للإفادة. سعدنا بتواصلك  https://bit.ly/2Mp6Ajs "
تبصيم الأطفال,"أهلاً بك، السن القانوني لتسجيل البصمة للوافد من سن السادسة فما فوق يرجى الإطلاع على الرابط للإفادة. سعدنا بتواصلك https://bit.ly/2LLFyTX "
رسوم تجديد هوية مقيم,"أهلاً بك، من اختصاص إدارة الجوازات تجديد هوية مقيم و لمعرفة الرسوم إليك الرابط المرفق للإفادة غير ذلك ليس من اختصاصنا. سعدنا بتواصلك  https://bit.ly/2MkRmvT"
صلاحية التأشيرة ,"أهلاً بك،يمكنك الإطلاع على سريان صلاحية التأشيرة وطباعتها عبر الرابط التالي. سعدنا بتواصلك https://bit.ly/2zDcQeB "
تجديد أو إصدار جواز سعودية زوجة مقيم,"أهلاً بك، يرجى الإطلاع على الرابط المرفق للإفادة. سعدنا بتواصلك https://bit.ly/2YeiKTx"
بدل فاقد أو تالف جواز سعودي,"أهلاً بك، يرجى الإطلاع على الرابط المرفق للإفادة. سعدنا بك https://bit.ly/2MkbbmS"
إصدار جواز سفر لمن هم دون الـ١٥ عام ,"أهلاً بك، يرجى الإطلاع على الرابط المرفق للإفادة. سعدنا بتواصلك https://bit.ly/2HgSjlH"
إصدار أو تجديد جواز سفر لمن هم دون الـ١٥ عام عبرمنصة أبشر ,"أهلاً بك، منصة أبشر تخدم حاملي الهوية الوطنية ولمن هم دون الـ ١٥ عام يتم حجز موعد عبر منصة أبشر التابعة لولي الأمر ومراجعة إدارة الجوازات لنتمكن من خدمتك ، يرجى الإطلاع على الرابط للإفادة. سعدنا بتواصلك  https://bit.ly/2HgSjlH"
السفر بسجل الأسرة للأطفال ,"أهلا بك، سجل الأسرة لا يعد وثيقة سفر يجب إصدار جواز سفر مستقل ولمن هم دون الـ ١٥ عاماً يتم حجز موعد عبر منصة أبشر بهوية ولي الأمر ومراجعة إدارة الجوازات لنتمكن من خدمتك إليك الرابط للإفادة .نشكر تواصلكم https://bit.ly/2HgSjlH"
الإضافة بالجواز," أهلاً بك، التعليمات لا تسمح لك بالإضافة يلزم حجز موعد ومراجعة إدارة الجوازات لنتمكن من خدمتك إليك الرابط للإفادة. نسعد بتواصلك https://bit.ly/2HgSjlH"
رابط الفروع ,"أهلاً بك، يرجى الإطلاع على الرابط للإفادة. سعدنا بتواصلك https://bit.ly/2LLFyTX"
مواقع البصمة ,"أهلاً بك، يرجى الإطلاع على الرابط للإفادة. سعدنا بتواصلك https://bit.ly/2YtEV3l"
رابط الرسوم ,"أهلاً بك، إليك الرابط للإفادة. سعدنا بتواصلك https://bit.ly/2MkRmvT"
رابط النماذج,"أهلاً بك، يرجى الإطلاع على الرابط للإفادة. سعدنا بتواصلك https://bit.ly/39KZmP7"
رابط الأرقام الهاتف,"أهلاً بك، يرجى الإطلاع على الرابط للإفادة. سعدنا بتواصلك https://bit.ly/39KZmP7"
رابط المستشفيات المعتمدة,"أهلاً بك، إليك الرابط للإفادة. سعدنا بتواصلك http://bit.ly/2pcQxuv"
تصريح سفر,"اهلاً بك ، يرجى الإطلاع على الرابط المرفق للإفادة سعدنا بتواصلك http://bit.ly/2Fi6RA2"
تعديل ترجمة الإسم ,"أهلاً بك، في حالة الرغبة في تعديل ترجمة الأسم بالجواز يرجى مراجعة الأحوال المدنية للتعديل ومن ثم مراجعة إدارة الجوازات لنتمكن من خدمتك."
إضافة المحضون على نظام أبشر ,"أهلاً بك، خدمة الإضافة على النظام حالياً غير متاحة ويمكنك إتمام الإجراء بمراجعة إدارة الجوازات، لمعرفة الإجراءات الخاصة بذلك، بإمكانك مراجعة الرابط التالي: https://bit.ly/2zhR7Kl "
سفر المرأة  للخارج دون الحاجة لإصدارتصريح سفر بالجواز ,"اهلًا بك، بإمكان المرأة بعمر 21 عامًا فأكثر السفر  خارج المملكة دون الحاجة لتصريح ، على أن لا تقل صلاحية الجواز عن ثلاثة أشهر للسفر ضمن الدول العربية، وستة أشهر لبقية الدول الأخرى ، شكرًا لتواصلك"
السن القانوني للسفر بدون تصريح سفر ,"أهلاً بك، السن القانوني الذي يسمح لكم بالسفر بدون حمل تصريح سفر هو (21) سنة فأكثر هجري . سعدنا بتواصلك   "
السفر بالهوية الوطنية لمن بلغ ٢١ عام من النساء,"أهلاً بك، يمكن لحاملي الهوية الوطنية السفر ضمن دول الخليج بالهوية الوطنية على أن لا تقل صلاحية سريان الهوية عن ٣ أشهر ، دون الحاجة لتصريح سفر لمن بلغ الـ ٢١ عام فأكثر. سعدنا بتواصلك"
فيما يخص إصدار الجواز للنساء عبر منصة أبشر ,"اهلاً بك، يتم إصدار أو تجديد جواز السفر لمن بلغ 21 عاماً فأكثر عبر حسابه الشخصي في منصة أبشر الإلكترونية، وفي حال عدم خدمتك، يرجى طباعة الملاحظة وحجز موعد إلكتروني ومراجعة إدارة الجوازات لنتمكن من خدمتك. شكراً لتواصلك"
لمن كان جوازها محتجز لدى الغير ,"أهلاً بك، يرجى مراجعة محاكم الأحوال الشخصية لتقديم دعوى تسليم الوثائق الرسمية. سعدنا بتواصلك"
السفر للمرة دون الحاجة لإذن,"أهلاً بك،  يمكن لمن بلغ 21 عاماً من النساء السفر دون الحاجة لإذن بذلك علماً أن صلاحية الجواز عند السفر للدول العربية 3 أشهر والدول الأخرى 6 أشهر. سعدنا بتواصلك "
الرابط الخاص بإصدار أو تجديد جواز المحضون ,"أهلا بك، إليك الرابط للإفادة. نسعد بتواصلك  https://bit.ly/2zhR7Kl"
سجل السفر لمن بلغ الـ٢١ ,"اهلاً بك، معلومات الأولاد لمن عمرهم (21) عاماً فأكثر ذكوراً أو إناثاً لن تظهر في سجل الأب . سعدنا بتواصلك"
تعديل صك الحضانة,"اهلاً بك، في حال وجود ملاحظة على صك الحضانة يتطلب منك مراجعة وزارة العدل لتعديل الصك ومن ثم يمكنك مراجعة إدارة الجوازات لنتمكن من خدمتك. سعدنا بتواصلك "
إلغاء التصريح من قبل ولي الأمر,"أهلاً بك، في حال تم إصدار تصريح سفر لأحد الأبناء بموجب صك الحضانة أثناء مراجعة إدارة الجوازات ، لا يمكن إلغاء التصريح عبر منصة أبشر . سعدنا بتواصلك"
التسجيل في منصة أبشر لمن بلغ ٢١ عام,"أهلاً بك، يلزم التسجيل في منصة أبشر لمن بلغ الـ ٢١ عاماً ذكراً أو أنثى لتتمكن تسجيل موعد إلكتروني عبر منصة أبشر ومراجعة إدارة الجوازات  . سعدنا بتواصلك"
مجهولة الوالدين ,"أهلاً بك ، في حال لديها هوية وطنية ، وعمرها ( 21 ) عاماً فأكثر بإمكانها  إصدار أو تجديد الجواز ، والسفر خارج المملكة دون الحاجة لتصريح. نسعد بخدمتك"
سن الحضانة,"أهلاً بك، سن الحضانة لمن هم دون خمسة عشر (15) عاماً ، ما لم يحدد العمر في صك الحضانة. نسعد بخدمتك"
طفل مجهول النسب,"أهلاً بك، يلزم إحضار خطاب من الشؤن الإجتماعية، ومراجعة إدارة الجوازات بمنطقتك لنتمكن من خدمتك. سعدنا بتواصلك"
إشعارات السفر,"اهلًا بك، بامكانك توجيه سؤالك للزملاء في حساب أبشر @Absher لإفادتك. نسعد بتواصلكم"
رسالة لرب الأسرة,"اهلًا بك، بامكانك توجيه سؤالك للزملاء في حساب أبشر @Absher لإفادتك. نسعد بتواصلكم"
إسقاط العمالة المنزلية,"يتم إسقاط العمالة المنزلية آلياً بخرج ولم يعد بعد مرور ٦ أشهر  من انتهاء صلاحية سريان التأشيرة  أو بالتواصل من خلال خدمة ""الرسائل والطلبات"" عبر منصة أبشر للخدمات الإلكترونية  بعد  ٣٠ يوماً من انتهاء صلاحية سريان التأشيرة لنتمكن من خدمتك  https://twitter.com/AljawazatKSA/status/1251918496075780097?s=20 . سعدنا بك"
إستقبال الخادمات في جدة,"اهلاً بك  ، يتم استلامها من الصالة الجنوبية قسم القادمات للعمل خارج الصالة بجانب فندق المطار كروم . نسعد بخدمتك "
التأشيرة السياحية ,"اهلًا بك، بإمكانك الإطلاع على الدول المؤهلة للتأشيرة الإلكترونية و التأشيرة عند الوصول عبر الرابط التالي: https://visa.visitsaudi.com نسعد بخدمتكم "
فيزا السياحية ,"اهلًا بك، بإمكانك رؤية جميع الاشتراطات الخاصة بالفيزا السياحية الإلكترونية عبر الموقع التالي:  https://visa.visitsaudi.com  نسعد بتواصلك"
تأشيرة مضيف,"أهلا بك،  بإمكانك التواصل مع وزارة الحج والعمرة لإفادتك. سعدنا بتواصلك"
أنظمة سفر المحضون,"أهلاً بك، في حال وجود صك حضانة، يمكن للحاضن مراجعة إدارة الجوازات لإصدار أو تجديد جواز السفر للمحضون وإصدار تصريح سفر إلكتروني له، وتشمل ذلك صكوك الحضانة القديمة الصادرة قبل التعديلات الجديدة للائحة، التي تتضمن عبارة (عدم السفر بالمحضون). شكرًا لتواصلك"
البصمة,"أهلا بك، في حال وجود الخصائص الحيوية ( البصمة )  لا داعي لإعادة إدخلها . سعدنا بتواصلك"
موقع الدرعية الجديد,"أهلا بك، يرجى الإطلاع على إحداثيات الموقع عبر الرابط التالي. سعدنا بتواصلك https://g.co/kgs/N4WB1z"
إدارة الوافدين بالدمام ," أهلاً بك، إدارة الوافدين في الدمام في مقر إدارة السجون بمحافظة الخبر. سعدنا بتواصلك"
إدارة الوافدين بمكة + جدة ," أهلا بك، إدارة الوافدين بمنطقة مكة المكرمة بمركز الخدمات العامة بالشميسي. سعدنا بتواصلك"
إدارة الوافدين بالرياض ,"أهلا بك، إدارة الوافدين بمدينة الرياض https://bit.ly/2klllIz. سعدنا بتواصلك"
ادارة جوازات منطقة الجوف \ سكاكا,"أهلًا بك، إدارة الجوازات بمدينة الجوف https://bit.ly/326gZqf. شاكرين تواصلك"
إدارة الوافدين الخرج ,"أهلا بك، إدارة الوافدين بمدينة الخرج https://bit.ly/31lEysT. سعدنا بتواصلك"
الإستعلام عن رقم الحدود,"أهلًا بك، يمكنك الاستعلام عن رقم الحدود عبر الرابط المرفق. سعدنا بتواصلك https://bit.ly/2JAgNXV"
إصدار تأشيرة خروج نهائي خلال فترة التجربة (للهندسة),"أهلًا بك، لاصدار تأشيرة الخروج النهائي يتطلب احضار خطاب من الهيئة السعودية للمهندسين ومراجعة إدارة الجوازات بمنطقتك من قبل صاحب العمل أو الشخص المفوض من قبله لنتمكن من خدمتك. شكرًا لتواصلك "
رابط تفعيل أبشر لجميع الوافدين,"https://twitter.com/aljawazatksa/status/1356189152597958657?s=24"""
المستثمرين,"أهلاً بك، إليك الرابط للإفادة. سعدنا بتواصلكhttps://bit.ly/38n5NIQ"
رابط سفر المتزوجين من أجانب للمواطنين والمواطنات ,"مرحبًا بك، يرجى الإطلاع على الرابط المرفق للافادة https://twitter.com/aljawazatksa/status/1364588259918163968?s=24. شاكرين تواصلك"
سفر السعوديين المقيمين بالخارج ,"مرحبا، يرجى الإطلاع على الرابط المرفق للإفادة https://twitter.com/aljawazatksa/status/1309832373610127361?s=24. شكراً لك"
سفر أبناء السعوديين مع الأم الأجنبية," مرحبًا بك، يتم رفع طلب تصريح سفر من خلال منصة أبشر لرب الأسرة مرفقًا سجل الأسرة وأسماء المرافقين وأرقام السجلات للمرافقين وإثبات السكن في دولة المقصد. شاكرين تواصلك"
المنافذ المسموح السفر من خلالها,"أهلا بك، التعليمات تسمح بالمغادرة عبر كافة المنافذ وذلك بعد تقديم المستندات المطلوبة. دمتم بخير"
الدول الممنوع السفراليها بدون تصريح سفر ,"أهلا بك، إليك الرابط للإفادة. سعدنا بتواصلك https://twitter.com/MOISaudiArabia/status/1349372656592834561?s=19"
في حال أن عقد الزواج من الخارج ,"مرحباً، يشترط أن يكون إثبات الزواج موثقاً من جهات الإختصاص في المملكة. سعدنا بتواصلك"
مركز الاتصال الموحد ,"اهلاً بك ، يمكنك الاتصال على مركز الاتصال الموحد 992 وقت الدوام الرسمي من الأحد إلى الخميس من الساعة 8 صباحًا حتى 2 مساءً لافادتك. سعدنا بك"
رابط التوظيف,"اهلًا بك، بإمكانك رؤية الشروط الخاصة بذلك عبر الرابط التالي: https://bit.ly/2nMbHjI . نسعد بتواصلك"
السؤال فيما يخص عمر التقديم ,"أهلاً بك، حسب شروط التقديم في النظام أن لا يقل عمر المتقدم عن 17 عاماً و أن لا يزيد عن 40 عاماً عند تقديم الطلب حسب الهوية الوطنية، علمًا أن أولوية القبول بالمعهد لمن هم أعمارهم 30 فأقل. نتمنى لك التوفيق"
الهوية الوطنية منتيه ممكن اقدم,"مرحبًا بك، التعليمات تشترط سريان الهوية الوطنية. نسعد بخدمتك"
السؤال حول الطول ,"مرحبًا بك، لا يوجد أي مشكلة في ذلك ويتم التأكد من الطول حسب أجهزة القياس، والمهنة كذلك لا يوجد مشكلة ويتم تعديلها حال قبولك في الوظيفة. نسعد بخدمتك"
هل تم الاجراء ظهر لي جاري متابعة طلبك,"مرحبًا بك، لم تسجل بعد وحاول إعادة المحاولة ولتأكيد تسجيلك تصلك رسالة على جوالك تحتوي على رقم الطلب. نسعد بخدمتك"
عندي دورات وشهادة جامعية كيف اضيفها,"مرحبًا بك، يوجد ايقونة دورات إضافية والتحديد يكون من قبل المتقدم نفسه . نسعد بخدمتك"
مو قادر اعدل جنسية الام,"مرحبًا بك، يرجى تغير نوع المتصفح لتتمكن من اتمام الاجراء. نسعد بك"
التسجيل بالحاسب الآلي,"مرحبًا بك،  يفضل الدخول عبر الحاسب الآلي لتتمكن من التسجيل. نسعد بخدمتك"
هل يوجد ترقيه لو معي بكالوريس ,"أهلاً بك، التسجيل على رتبة جندي بشهادة الثانوية أو مايعادلها ، وفِي حال القبول المبدئي تحسب له درجات إضافية للشهادة الجامعية. نسعد بتواصلك"
بخصوص التعديل المعلومات بعد التسجيل,"أهلاً بك، لا يمكنك التعديل عزيزي، حيث يوجد تعهد بأن جميع البيانات المدخلة مكتملة وصحيحة وتم اختيارك بالموافقة على ذلك. سعدنا بتواصلك"
أي سؤال يخص النتائج أو القبول ,"أهلا بك، يتعين عليكم المتابعة من خلال الصفحة التالية : https://bit.ly/2pzZQpJ"
غير مطابق ,"مرحبًا بك، هذي الرسالة تعني بانه لا تنطبق عليك بعض شروط القبول بالوظيفة ويمكنك الاطلاع على شروط القبول عبر منصة ابشر للتوظيف. نسعد بخدمتك"
مدة الدورة,"مرحبًا بك، مدة الدورة لا تتجاوز تسعة أشهر. نسعد بخدمتك"
شروط المقبولين,"مرحبا، يرجى الإطلاع على الرابط المرفق للإفادةhttps://bit.ly/2O1P2sY . شكراً لك"
طبيعة العمل,"أهلًا بك، مهام العمل للوظائف المعلنة تتعلق بالكاونتر المخصص لإنهاء إجراءات المسافرين سواء كانوا رجال أم نساء. نسعد بتواصلك"
فتح باب القبول,"مرحبًا بك، فتح باب القبول والتسجيل يوم الأحد ١٤٤١/٠٣/١٣هـ للكادر النسائي برتبة ""جندي"" على أن يكون التقديم عبر منصة #أبشر الإلكترونية للتوظيف https://bit.ly/2WRTzC9       "
الوظيفة المطلوبة,"أهلاً بك، التسجيل على رتبة جندي بشهادة الثانوية أو مايعادلها ، وفِي حال القبول المبدئي تحسب له درجات إضافية للشهادة الجامعية. نسعد بتواصلك"
رابط الشروط والوظيفة,"أهلا بك، إليك الرابط للإفادة. سعدنا بتواصلك https://bit.ly/36QCkpF"
دورة الفرد الأساسية,"اهلًا بك، يلزم اجتياز دورة الفرد الأساسية لمدة 4 شهور والتي تتضمن الأعمال التخصصية التأسيسية والتدرب على أنظمة الجوازات الآلية قبل صدور قرار التعيين والقبول. نسعد بتواصلكم"
لا يمكن التعديل ,"أهلا بك،  لايمكن التعديل بعد الحصول على رقم الطلب لأن المعلومات المسجله تحت مسئولية المتقدم شخصياً. سعدنا بتواصلك"
دورات الحاسب الآلي,"اهلاً بك ، بالنسبة لدورات الحاسب الآلي الأولوية لمن لديها دورة حسب المدة المحددة في القائمة وبإمكانك اكمال تقديم الطلب إذا ليس لديك الخيارات المحددة . سعدنا بتواصلك"
العمر ,"أهلاً بك، حسب شروط التقديم في النظام أن لا يقل عمر المتقدم عن 21 عاماً و أن لا يزيد عن 35 عاماً . نتمنى لك التوفيق"
طبيعة العمل,"اهلاً بك ، طبيعة العمل ستكون بنظام المناوبات في المطارات المحددة بالإعلان صباحاً ومساءً وليلاً . سعدنا بتواصلك"
المهنة,"أهلا بك، التسجيل ليس له علاقة بالمهنة. سعدنا بتواصلك"
هل تم الاجراء ظهر لي جاري متابعة طلبك,"مرحبًا بك، لم تسجل بعد وحاول إعادة المحاولة ولتأكيد تسجيلك تصلك رسالة على جوالك تحتوي على رقم الطلب. نسعد بخدمتك"
الهوية الوطنية منتيه ممكن اقدم,"مرحبًا بك، التعليمات تشترط سريان الهوية الوطنية. نسعد بخدمتك"
المتصفح,"مرحبًا بك، يرجى تغير نوع المتصفح لتتمكن من اتمام الاجراء. نسعد بك"
درجة القدرات,"أهلا بك، يقبل النظام تقديم الطلب بدون إدخال بيانات درجة اختبار قياس القدرات العامة. نتمنى لك التوفيق "
موقع معهد الجوازات بالرياض ,"أهلا بك، إليك الرابط للإفادة. سعدنا بتواصلك bit.ly/32yAcjt"
نتائج التوظيف,"أهلًا بك، إليك الرابط للإفادة. سعدنا بتواصلك  https://bit.ly/2sZLl06"
ما هي الدول الممنوع السفر لها؟,لإفادتك يرجى التواصل معنا على البريد الإلكتروني: 992@gdp.gov.sa شكرًا لتواصلك 
لدي شكوى / لدي مقترح / أقدر أتواصل معكم عالرسائل الخاصة ؟ ," أهلاً بك، فضلًا تواصل معنا وزودنا بالتفاصيل على البريد الإلكتروني: ‏⁦‪992@gdp.gov.sa‬⁩ ‏شكرًا لتواصلك"
كيف أقدر أشتغل معكم؟ متى يفتح التقديم؟,وعليك متابعة ذلك عبر موقعنا الإلكتروني:gdp.gov.sa شكرًا لاهتمامك ونتمنى لك كل التوفيق  
"عامل خرج ولم يعد من أجازته، هل يقدر يرجع؟",القرار صدر بتاريخ ١٧/٨/١٤٣٦ ومن خرج بعد ذلك يمنع من العودة لثلاث سنوات إلا على نفس صاحب العمل
ما هي أوقات العمل في إدارة الجوازات؟ ,من الساعة ٧:٣٠ صباحًا حتى ٢:٣٠ مساءً
فضلًا تزويدي بالفروع,ىتفضل الفروع عزيزنا: http://bit.ly/2cJ0sx7
"يرجى إفادتي حول تأشيرة الزيارة ""العائلية - التجارية...."" ",إصدار تأشيرة الزيارة من اختصاص وزارة الخارجية. شاكرين تواصلك
كيف أجدد الزيارة الحكومية؟,يلزم وجود طلب بذلك من قبل الجهة الحكومية المستضيفة للمستفيد. شكرًا لتواصلك
انتهت تأشيرة الخروج والعودة وأنا بالخارج هل يحق لي العودة على نفس صاحب العمل؟ علمًا بأن هوية مقيم منتهية,عليك التواصل مع وزارة الخارجية للإفادة. شكرًا لتواصلك
انتهت تأشيرة الخروج والعودة وأنا بالخارج هل يحق لي العودة على نفس صاحب العمل؟ علمًا بأن هوية مقيم سارية,نعم يمكنك التمديد بحسب ضوابط وزارة الخارجية
"عندي استفسار على الرسائل الخاصة، أرجو منكم التواصل معي","شكرًا لتواصلك   """
"هل العسكري يحتاج أجازة ""تصريح"" من الجهة أو المرجع العسكري له للسفر خارج المملكة؟",نعم يلزم وجود تصريح من قبل المرجع العسكري
"عسكري لدي تصريح سفر الأحد، هل يمكنني السفر يوم الجمعة أو السبت؟","وعليكم السلام، التعليمات تشترط الالتزام بما هو موجود بوثيقة السفر. شكراً لك"
"هل يُمكن السفر باستخدام بطاقة العائلة ""سجل الأسرة"" للسفر؟","يلزم إصدار جواز سفر لكل مستفيد، وسجل الأسرة لا يعتبر وثيقة سفر معترف بها خارجيًا"
هل يُمكن السفر إلى فرنسا؟ النرويج؟ بنغلادش.....؟,لإفادتك حول ذلك يرجى التواصل مع وزارة الخارجية. شكرًا لتواصلك
خبر متداول: عند دخول السعودية يلزم البقاء فيها ٨ ساعات؟,الخبر غير صحيح وفي حال وجود أي أخبار تخص المديرية العامة للجوازات سيتم نشرها عبر القنوات الرسمية
" هل يُمكن تجديد هوية زائر الآن؟ ""إجابة جديدة خاصة بهوية زائر""",لا يُمكن التجديد حتى نتيح الخدمة. وسيتم الإعلان عن المستجدات من قبلنا لاحقًا عبر حسابنا في تويتر أو موقعنا الإلكتروني
"أنا خارج المملكة، هل يمكن عمل بلاغ تغيب عن العمل لمكفولي؟","طالما المستفيد بالخارج فلا يمكن ذلك، يلزم إتمام الإجراء بالمراجعة التقليدية"
"قُبلت ولم أحفظ رقم الطلب، كيف أحصل عليه؟ ""تقديم الجوازات""",رابط القبول به استعلام بموجب رقم الهوية الوطنية
هل توجد دفعة ثانية للقبول؟,عزيزنا لا توجد دفعة ثانية
تم قبولي ما الإجراء حاليًا ومتى ستكون المقابلة؟,الدخول للرابط والإستعلام وستجد تاريخ ووقت المقابلة 
"تم قبولي وطلب شهادة دورة حاسب ولغة، وأنا ليس لدي، ما العمل؟","في حال القبول المبدئي سيتم تدقيق الأوراق، وفي حال عدم مطابقتها للشروط سيتم الإستبعاد "
هل يُشترط خلو سجل المرأة من المخالفات المرورية عند إصدار أو تجديد جواز السفر؟,نعم يُشترط ذلك
ما هي آلية إصدار رقم موحد للخليجي؟,"مراجعة أقرب إدارة جوازات، قسم الحاسب الآلي"
الطفل بدأً من أي عمر يتوجب عليه التبصيم؟ , ج / نأمل التواصل معنا عبر البريد الإلكتروني: 992@gdp.gov.sa   موضحا حاله المستفيد م
"بخصوص الدورة 41 وتفاصيلها،",‏https://twitter.com/AljawazatKSA/status/854779310045102081
أنا مواطنة متزوجة من غير سعودي ولي منه طفل.. فهل بالإمكان إضافة الابن على جواز سفري؟,992@gdp.gov.sa
"ابنة مواطنة، والدتي توفت قبل عمل بطاقة ابنة مواطنة، وعند محاولتي لعملها ابلغوني انه لا يمكنني اصدارها لانها توفت. ما العمل؟",شكرًا لتواصلك
كيف أغير مسمى المهنة في الإقامة من زوجة إلى زوجة مواطن بناء على طلب الأحول المدنية,تقدم الزوج لجوازات المنطقة بالاوراق المطلوبة ليتم التعديل
  كيف يمكني طلب زياره لوالدتي من اليمن؟, إجراءات الحصول على تأشيرة زيارة .. من أختصاص وزارة الخارجية ..  
  هل بالإمكان تحويل تأشيرة الزيارة إلي إقامة؟,"  في حال وجود اي اعلانات رسمية من المديرية العامة للجوازات، سيتم الإعلان عنها عبر القنوات الرسمية. نسعد بتواصلك"
هل بهوية زائر يسمحولنا نعبر كل دول الخليج او السعوديا فقط ؟," مرحباً بك، التعليمات لا تجيز منح تأشيرة خروج وعودة لحاملي بطاقة هوية زائر والبطاقة تنتهي بمغادرة الزائر"
السلام عليكم لوسمحت ابغي امدد هوية زائر ايش يلزم علي فعله وشكرا؟,   اولا تسدد الرسوم عبر نظام سداد برقم حدود الزائر التمديد الكترونيا حاليا للزيارات العائليه فقط -  يمكن للمستفيد الذي لديه حساب مفعل في ابشر بعد سداد الرسوم الدخول الى حسابه الالكتروني  ومن ثم الاطلاع على القائمة المنسدله من خدمات الجوازات وطلب خدمة تمديد الرياره واتباع الخطوات .
هل يوجد تأشيرة خروج وعوده لحاملين هوية زائر ؟,التعليمات لا تجيز منح تأشيرة خروج وعودة لحاملي بطاقة هوية زائر والبطاقة تنتهي بمغادرة الزائر .
 كيف اجدد هوية زائر دخلت لنظام ابشر ولم اجد تجديد هوية زائر مع العلم ستنتهي بعد 4 ايام,"مده هوية زائر سته اشهر تحسب من 21 / 9 / 1436 هـ قابلة "" للتمديد """
انا سعودي متزوج يمنية ومعها هوية زائر وعندي ولد ولم يضاف وش الحل؟,عليكم التواصل معنا من خلال البريد الإلكتروني ..  
"أحمل هوية زائر، ولدي مشاكل مع المستضيف هل أقدر أغير المستضيف؟",يمكن تغيير المستضيف بمراجعة الزائر والمستضيف الجديد لأحد مراكز التصحيح
  هل بإمكان تحويل تأشيرة زيارة الى هوية زائر؟,التعليمات لا تجيز تحويل تأشيرة زائرة إلى هوية زائر .
"ما سبب عدم ظهور أيقونة الطباعة لدى المستضيف، علمًا إني سددت في الوقت المحدد لذلك ""هوية زائر""؟",عليكم التواصل معنا عبر البريد.
هل صحيح على حاملين هوية زائر تأمين صحي؟,ج / حاملي هوية زائر ليسوا مطالبين بتأمين طبي. 
وماذا عن من يريد خروج وعود بهوية زائر,التعليمات لا تجيز منح تأشيرة خروج وعودة .. لحاملي بطاقة هوية زائر .. والبطاقة تنتهي بمغادرة الزائر .. 
الي  باقي في جوازه 5 أشهر يحق له يسوي تأشيرة لمده 4 اشهر؟ ,يمكنك ذلك في حال سريان صلاحية هوية مقيم
تعميم ٤٥,الرجاء مراجعة مواقع إنهاء إجراءات الوافدين المخالفين الخاصة بحملة #وطن_بلا_مخالف https://goo.gl/THDv44
متى يبدأ الضبط بالحملة ؟,الضبط مستمر اثناء المهلة ومن يتم ضبطه ستطبق عليه تعليمات الإقامة والعمل. يجب مبادرة المخالف للاستفادة من مهلة #وطن_بلا_مخالف
متى يلزم علينا المغادرة بعد عمل تأشيرة الخروج النهائي ؟,يجب المغادرة قبل انتهاء مهلة حملة #وطن_بلا_مخالف وقبل انتهاء التأشيرة
هل توجد استثناء لحاملين هوية زائر خلال حملة وطن بلا مخالف ؟,لا توجد اي استثناءات للمخالفين للأنظمة في حملة #وطن_بلا_مخالف 
هل يتم الإعفاء على صاحب العمل خلال حملة وطن بلا مخالف ؟,الإعفاءات بحملة #وطن_بلا_مخالف مخصصة للمخالف الوافد وليس صاحب العمل 
يوجد علي مخالفات مرورية / أو سيارة كيف استفيد من الحملة؟ ,ىفضلًا تواصل معنا وزودنا بالتفاصيل على البريد الإلكتروني: 992@gdp.gov.sa شكرًا لتواصلك   
"السلام عليكم، لقد تم الحصول على تأشيرة الخروج النهائي مالعمل الان؟","وعليكم السلام، عليك التوجه مباشرة للمنفذ الحدودي وسيتم انجاز إجراءاتك طالما تم منحك تأشيرة خروج نهائي. شكراً لتواصلك"
كيف ممكن احجز موعد للاستفادة من الحملة ؟,"http://bit.ly/2o56WAp"""
يوجد عندي بصمة حج كيف ممكن استفيد من الحملة ؟," السلام عليكم، يمكنك مراجعة المقر لإنهاء الإجراءات بعد حجز موعدعبر بوابة وزاة الخارجية."
هل الذي لديه بصمة حج ممكن يتستفيد من الحملة ؟,يمكن لمن لديهم مخالفة حج من دون تصريح الإستفادة من حملة #وطن_بلا_مخالف مالم يكن عليه ملاحظات أخرى. شكراً لتواصلك
بخصوص الحمله هل سيتم السفر مباشرة ام سيتعرض المخالف للحبس لفترة ولو مؤقتة,يمكنك الإطلاع على آلية الحملة ويعطى صورة الآلية
هل يتم التجديد لمن اقامته منتهيه ام يجب ان يغادر خلال الحملة ؟,التجديد من قبل صاحب العمل وادا لم يتجاوب يراجع ادارة الوافدين
مممم هل ممكن اصلح الوضع واستفيد من الحملة من غير مغادرة ,حملة #وطن_بلا_مخالف ليست لتصحيح الأوضاع وإنما لمغادرة المخالفين للنظام
ماهي العقوبات المترتبه على المخالفين؟,"أهلاً بك، من لا يستفيد من حملة #وطن_بلا_مخالف سوف تترتب عليه انظمه الإقامه والعمل. شكرًا لتواصلك."
رسالة وصلتني أمس بإعطاء تأشيرة خروج نهائي لمكفولتي الهاربة من سنتين وهذا شي غريب ممكن تفيدوني,"وعليكم السلام، يمكن الوافد الإستفادة من حملة #وطن_بلا_مخالف إذا لم توجد عليه ملاحظة بالنظام. نسعد بخدمتك."
ابي استفيد من الحمله وين اتوجه؟,"وعليكم السلام، تفضل مواقع انهاء إجراءات حملة #وطن_بلا_مخالف . goo.gl/THDv44 شكرًا لتواصلك."
هل السائق الخاص يشمله الرسوم,"مرحبا، في حال لدى العامل المنزلي مرافقين أو تابعين على سجله يشمله قرار المقابل المالي. شكراً لتواصلك"
هل حاملي تأشيرةة الزيارة تشملهم الرسوم,"أهلاً بك، الاستحقاق المالي يشمل المرافقين والتابعين حاملي هوية مقيم وليس تأشيرة الزيارة. شكراً لتواصلك"
من الذي تشملهم الرسوم,الاستحقاق المالي لعموم التابعين والمرافقين والعماله المنزليه تحت كفالة المقيمين الخاضعين للقطاع الخاص . سعدنا بك
هل يوجد رسوم في حال اصدار تأشيرة خروج نهائي,"أهلاً بك، يرجى التأكد من سداد الاستحقاق المالي الخاص بالمرافقين اولًا قبل إجراء تأشيرة الخروج النهائي الى موعد الاصدار"
هل يوجد رسوم لمن خرج ولم يعد,"اهلًا بك، يتم الاسقاط بعد نهاية التأشيرة ويتم استحصال المقابل المالي حتى تاريخ التبليغ بخرج ولم يعد"
هل ممكن تجديد هوية المقيم الخاصة بي بعد اصدار تأشيرة نهائي للتابعين,التعليمات تُجيـز لك التجديد ولكن بما أن الابناء لم يغادروا المملكة المقابل المالي يطلب سداد رسوم التابعين
هل زوجة المواطن او زوج المواطنه عليهم رسوم,زوج المواطنه وزوجة المواطن معفيين من المقابل المالي عليهم مالم يكن على هوياتهم  تابعين او مرافقين
اخوي عندي سوال يقلون هاذا النضام فقط العسكر الحرس الملكي فقط هل عاذا صحيح ام لا وشكراً,"أهلاً بك، الخدمة متوفرة لجميع القطاعات العسكرية في حال تم طلب تفعيل الخدمة. شكراً لتواصلك"
السلام عليكم,"أهلاً بك، الخدمة متوفرة لجميع القطاعات العسكرية في حال تم طلب تفعيل الخدمة. شكراً لتواصلك"
تم التقدينم على الاجاظة من اسبوع يحتاج احضر الوثيقة,"مرحبا، يلزم احضار الوثيقة في حال عدم ربطها الكترونياً سعدنا بك"
هل ممكن اقدر اتحقق من موقعي في ابشر (حسابي الشخصي) اذا كانت الاجازه مدخله او لا ؟,"أهلاًً بك، يتم الإجراء أخي الكريم عبر مرجعك العسكري شكراً لتواصلك"
